<Prefab>
    <Constants>
        <Constant Name="Popup.CloseButton.Width" BrushName="Popup.CloseButton" BrushLayer="Default" BrushValueType="Width"/>
        <Constant Name="Popup.CloseButton.Height" BrushName="Popup.CloseButton" BrushLayer="Default" BrushValueType="Height"/>

        <Constant Name="Banner.Width" BrushLayer="Default" BrushName="Flat.Tuple.Banner.Small" BrushValueType="Width" />
        <Constant Name="Banner.Height" BrushLayer="Default" BrushName="Flat.Tuple.Banner.Small" BrushValueType="Height" />

        <Constant Name="Banner.Width.Scaled" MultiplyResult="0.20" Value="!Banner.Width" />
        <Constant Name="Banner.Height.Scaled" MultiplyResult="0.28" Value="!Banner.Height" />
    </Constants>
    <VisualDefinitions>
    </VisualDefinitions>
    <Window>
        <Widget WidthSizePolicy="StretchToParent" HeightSizePolicy="StretchToParent" Sprite="BlankWhiteSquare_9" Brush.Color="#000000CC">
            <Children>

                <!--Done Button-->
                <Standard.PopupCloseButton HorizontalAlignment="Center" Command.Click="ExecuteDone" VerticalAlignment="Center" MarginTop="585" Parameter.ButtonText="@DoneText" />

                <Widget WidthSizePolicy="Fixed" HeightSizePolicy="Fixed" SuggestedWidth="912" SuggestedHeight="555" HorizontalAlignment="Center" VerticalAlignment="Center" MarginBottom="6" Brush="GameMenu.Tournament.Frame" DoNotAcceptEvents="true">
                    <Children>

                        <Widget WidthSizePolicy="StretchToParent" HeightSizePolicy="Fixed" SuggestedHeight="20" MarginTop="60" MarginLeft="10" MarginRight="10" Sprite="SPScoreboard\leaderboard_shadow" Brush.Color="#000000FF" />

                        <ListPanel HeightSizePolicy ="StretchToParent"  WidthSizePolicy="StretchToParent" MarginTop="10" MarginBottom="10" MarginRight="10" MarginLeft="10">
                            <Children>

                                <ListPanel HeightSizePolicy ="StretchToParent"  WidthSizePolicy="StretchToParent" LayoutImp.LayoutMethod="VerticalBottomToTop">
                                    <Children>


                                        <ListPanel DataSource="{SortController}" WidthSizePolicy="StretchToParent" HeightSizePolicy="CoverChildren" >
                                            <Children>

                                                <SortButtonWidget DoNotPassEventsToChildren="true" WidthSizePolicy="Fixed" HeightSizePolicy="Fixed" SuggestedWidth="50" SuggestedHeight="50" Command.Click="ExecuteSortByPlacement" IsSelected="@IsPlacementSelected" SortState="@PlacementState" SortVisualWidget="TextWidget\TypeSortVisualWidget" Brush="GameMenu.Tournament.Sort.Button1" UpdateChildrenStates="true">
                                                    <Children>
                                                        <TextWidget Id="TextWidget" DataSource="{..}" WidthSizePolicy="CoverChildren" HeightSizePolicy="CoverChildren" HorizontalAlignment="Center" VerticalAlignment="Center" Brush="Kingdom.SortButtons.Text" ClipContents="false" Text="#">
                                                            <Children>
                                                                <Widget Id="TypeSortVisualWidget" WidthSizePolicy="Fixed" HeightSizePolicy="Fixed" SuggestedWidth="20" SuggestedHeight="20" HorizontalAlignment="Right" VerticalAlignment="Center" PositionXOffset="15" Brush="ArmyManagement.Sort.ArrowBrush" />
                                                            </Children>
                                                        </TextWidget>
                                                    </Children>
                                                </SortButtonWidget>

                                                <SortButtonWidget DoNotPassEventsToChildren="true" WidthSizePolicy="Fixed" HeightSizePolicy="Fixed" SuggestedWidth="378" SuggestedHeight="50" Brush="GameMenu.Tournament.Sort.Button2" Command.Click="ExecuteSortByName" IsSelected="@IsNameSelected" SortState="@NameState" SortVisualWidget="TextWidget\NameSortVisualWidget" UpdateChildrenStates="true">
                                                    <Children>
                                                        <TextWidget Id="TextWidget" DataSource="{..}" WidthSizePolicy="CoverChildren" HeightSizePolicy="CoverChildren" HorizontalAlignment="Center" VerticalAlignment="Center" Brush="Kingdom.SortButtons.Text" ClipContents="false" Text="@HeroText">
                                                            <Children>
                                                                <Widget Id="NameSortVisualWidget" WidthSizePolicy="Fixed" HeightSizePolicy="Fixed" SuggestedWidth="20" SuggestedHeight="20" HorizontalAlignment="Right" VerticalAlignment="Center" PositionXOffset="20" Brush="ArmyManagement.Sort.ArrowBrush" />
                                                            </Children>
                                                        </TextWidget>
                                                    </Children>
                                                </SortButtonWidget>

                                                <!--<ButtonWidget DoNotAcceptEvents="true" DoNotPassEventsToChildren="true" WidthSizePolicy="StretchToParent" HeightSizePolicy="Fixed" SuggestedWidth="100" SuggestedHeight="30" Brush="Kingdom.Clans.Sort.5">
                                                  <Children>
                                                    <TextWidget DataSource="{..}" DoNotAcceptEvents="true" WidthSizePolicy="StretchToParent" HeightSizePolicy="StretchToParent" Brush="Kingdom.SortButtons.Text" Text="" />
                                                  </Children>
                                                </ButtonWidget>-->

                                                <SortButtonWidget DoNotPassEventsToChildren="true" WidthSizePolicy="Fixed" HeightSizePolicy="Fixed" SuggestedWidth="150" SuggestedHeight="50"  Brush="GameMenu.Tournament.Sort.Button3" Command.Click="ExecuteSortByVictories" IsSelected="@IsVictoriesSelected" SortState="@VictoriesState" SortVisualWidget="TextWidget\NameSortVisualWidget" UpdateChildrenStates="true">
                                                    <Children>
                                                        <TextWidget Id="TextWidget" DataSource="{..}" WidthSizePolicy="CoverChildren" HeightSizePolicy="CoverChildren" HorizontalAlignment="Center" VerticalAlignment="Center" Brush="Kingdom.SortButtons.Text" ClipContents="false" Text="@VictoriesText">
                                                            <Children>
                                                                <Widget Id="NameSortVisualWidget" WidthSizePolicy="Fixed" HeightSizePolicy="Fixed" SuggestedWidth="20" SuggestedHeight="20" HorizontalAlignment="Right" VerticalAlignment="Center" PositionXOffset="20" Brush="ArmyManagement.Sort.ArrowBrush" />
                                                            </Children>
                                                        </TextWidget>
                                                    </Children>
                                                </SortButtonWidget>

                                                <SortButtonWidget DoNotPassEventsToChildren="true" WidthSizePolicy="Fixed" HeightSizePolicy="Fixed" SuggestedWidth="290" SuggestedHeight="50"  Brush="GameMenu.Tournament.Sort.Button4" Command.Click="ExecuteSortByPrize" IsSelected="@IsPrizeSelected" SortState="@PrizeState" SortVisualWidget="TextWidget\NameSortVisualWidget" UpdateChildrenStates="true">
                                                    <Children>
                                                        <TextWidget Id="TextWidget" DataSource="{..}" WidthSizePolicy="CoverChildren" HeightSizePolicy="CoverChildren" HorizontalAlignment="Center" VerticalAlignment="Center" Brush="Kingdom.SortButtons.Text" ClipContents="false" Text="@PrizeText">
                                                            <Children>
                                                                <Widget Id="NameSortVisualWidget" WidthSizePolicy="Fixed" HeightSizePolicy="Fixed" SuggestedWidth="20" SuggestedHeight="20" HorizontalAlignment="Right" VerticalAlignment="Center" PositionXOffset="20" Brush="ArmyManagement.Sort.ArrowBrush" />
                                                            </Children>
                                                        </TextWidget>
                                                    </Children>
                                                </SortButtonWidget>

                                            </Children>
                                        </ListPanel>

                                        <ScrollablePanel Id="EntriesListScrollablePanel"  HeightSizePolicy ="StretchToParent"  WidthSizePolicy="StretchToParent" InnerPanel="EntriesListRect\EntriesList" ClipRect="EntriesListRect" MouseScrollAxis="Vertical" VerticalScrollbar="..\..\EntriesListScrollbar\Scrollbar" MarginLeft="0" AutoHideScrollBars="false">
                                            <Children>

                                                <Widget Id="EntriesListRect" WidthSizePolicy = "StretchToParent" HeightSizePolicy = "StretchToParent" ClipContents="true">
                                                    <Children>

                                                        <ListPanel Id="EntriesList" DataSource = "{Entries}" WidthSizePolicy = "StretchToParent" HeightSizePolicy="CoverChildren" LayoutImp.LayoutMethod = "VerticalBottomToTop" >
                                                            <ItemTemplate>

                                                                <!--Leaderboard Entry Tuple-->
                                                                <Widget Id="TupleParent" WidthSizePolicy = "StretchToParent" HeightSizePolicy="Fixed" SuggestedHeight="60">
                                                                    <Children>

                                                                        <SiblingIndexVisibilityWidget WidthSizePolicy="StretchToParent" HeightSizePolicy="StretchToParent" Sprite="BlankWhiteSquare_9" Brush.Color="#000000FF" Brush.AlphaFactor="0.1" WatchType="Odd" WidgetToWatch="..\." />
                                                                        <SiblingIndexVisibilityWidget WidthSizePolicy="StretchToParent" HeightSizePolicy="StretchToParent" Sprite="BlankWhiteSquare_9" Brush.Color="#FFAD54FF" Brush.AlphaFactor="0.1" WatchType="Even" WidgetToWatch="..\."/>

                                                                        <ListPanel WidthSizePolicy = "StretchToParent" HeightSizePolicy="StretchToParent">
                                                                            <Children>

                                                                                <Widget WidthSizePolicy = "Fixed" HeightSizePolicy="StretchToParent" SuggestedWidth="5" />

                                                                                <TextWidget WidthSizePolicy = "Fixed" HeightSizePolicy="StretchToParent" SuggestedWidth="30" Text="@RankText" MarginLeft="10" Brush.TextHorizontalAlignment="Left"/>

                                                                                <ButtonWidget DataSource="{Hero}" DoNotPassEventsToChildren="true" WidthSizePolicy="Fixed" HeightSizePolicy="Fixed" SuggestedWidth="52" SuggestedHeight="40" MarginLeft="65" HorizontalAlignment="Center" VerticalAlignment="Center" Command.Click="ExecuteLink" Command.HoverBegin="ExecuteBeginHint" Command.HoverEnd="ExecuteEndHint">
                                                                                    <Children>
                                                                                        <!--Hero Clan Banner-->
                                                                                        <MaskedTextureWidget DataSource="{ClanBanner_9}" WidthSizePolicy="Fixed" HeightSizePolicy="Fixed" SuggestedWidth="!Banner.Width.Scaled" SuggestedHeight="!Banner.Height.Scaled" HorizontalAlignment="Right" VerticalAlignment="Top" PositionYOffset="-5" PositionXOffset="5" Brush="Flat.Tuple.Banner.Smaller.Hero" AdditionalArgs="@AdditionalArgs" ImageId="@Id" ImageTypeCode="@ImageTypeCode" IsDisabled="true" OverlayTextureScale="2.2" />

                                                                                        <ImageIdentifierWidget DataSource="{ImageIdentifier}" WidthSizePolicy="StretchToParent" HeightSizePolicy="StretchToParent" AdditionalArgs="@AdditionalArgs" ImageId="@Id" ImageTypeCode="@ImageTypeCode" />
                                                                                    </Children>
                                                                                </ButtonWidget>
                                                                                
                                                                                <RichTextWidget WidthSizePolicy = "StretchToParent" HeightSizePolicy="StretchToParent" SuggestedWidth="100" Text="@Name" Command.LinkAlternateClick="ExecuteNameLink" Command.LinkClick="ExecuteNameLink" Brush="GameMenu.Leaderboard.Entry.Name.Text" MarginLeft="10" IsHidden="@IsMainHero"/>
                                                                                <RichTextWidget WidthSizePolicy = "StretchToParent" HeightSizePolicy="StretchToParent" SuggestedWidth="100" Text="@Name" Command.LinkAlternateClick="ExecuteNameLink" Command.LinkClick="ExecuteNameLink" Brush="GameMenu.Leaderboard.Entry.Name.Player.Text" IsVisible="@IsMainHero" MarginLeft="10"/>



                                                                                <Widget WidthSizePolicy = "Fixed" HeightSizePolicy="StretchToParent" SuggestedWidth="5" />
                                                                                <TextWidget WidthSizePolicy = "StretchToParent" HeightSizePolicy="StretchToParent" SuggestedWidth="100" IntText="@Victories" IsHidden="@IsMainHero"/>
                                                                                <TextWidget WidthSizePolicy = "StretchToParent" HeightSizePolicy="StretchToParent" SuggestedWidth="100" IntText="@Victories" Brush.FontColor="#8CDBC4FF" IsVisible="@IsMainHero"/>
                                                                                <Widget WidthSizePolicy = "Fixed" HeightSizePolicy="StretchToParent" SuggestedWidth="5" />
                                                                                <TextWidget WidthSizePolicy = "StretchToParent" HeightSizePolicy="StretchToParent" SuggestedWidth="100" Text="@PrizeStr" IsHidden="@IsMainHero"/>
                                                                                <TextWidget WidthSizePolicy = "StretchToParent" HeightSizePolicy="StretchToParent" SuggestedWidth="100" Text="@PrizeStr" Brush.FontColor="#8CDBC4FF" IsVisible="@IsMainHero"/>
                                                                                <Widget WidthSizePolicy = "Fixed" HeightSizePolicy="StretchToParent" SuggestedWidth="5" />

                                                                            </Children>
                                                                        </ListPanel>

                                                                        <Widget WidthSizePolicy="Fixed" HeightSizePolicy="Fixed" SuggestedWidth="33" SuggestedHeight="27" Sprite="SPScoreboard\leader_crown_icon" HorizontalAlignment="Left" MarginLeft="65" VerticalAlignment="Center" IsVisible="@IsChampion"/>
                                                                        
                                                                    </Children>
                                                                </Widget>
                                                            </ItemTemplate>
                                                        </ListPanel>

                                                    </Children>
                                                </Widget>

                                            </Children>
                                        </ScrollablePanel>
                                    </Children>
                                </ListPanel>
                                <Standard.VerticalScrollbar Id="EntriesListScrollbar" HorizontalAlignment="Right" VerticalAlignment="Bottom" HeightSizePolicy ="StretchToParent"/>

                            </Children>
                        </ListPanel>

                        <!--Frame-->
                        <!--<Widget WidthSizePolicy="StretchToParent" HeightSizePolicy="StretchToParent" MarginLeft="25" MarginRight="25" MarginTop="21" MarginBottom="32" Brush="Frame1.Border" IsEnabled="false" />-->

                    </Children>
                </Widget>

                <!--Top Panel Name Text-->
                <Widget WidthSizePolicy="Fixed" HeightSizePolicy="Fixed" SuggestedWidth="592" SuggestedHeight="161" HorizontalAlignment="Center" VerticalAlignment="Center" PositionYOffset="-336" Sprite="StdAssets\tabbar_popup" Brush.VerticalFlip="true" IsDisabled="true">
                    <Children>
                        <RichTextWidget WidthSizePolicy="CoverChildren" HeightSizePolicy="CoverChildren" HorizontalAlignment="Center" MarginTop="35" VerticalAlignment="Center" Brush="Recruitment.Popup.Title.Text" Brush.FontSize="40" IsDisabled="true" Text="@TitleText"  />
                    </Children>
                </Widget>

            </Children>
        </Widget>
    </Window>
</Prefab>