<Module>
    <Name value="VARTS Trade Guild"/>
    <Id value="vartsTradeGuild"/>
    <Version value="v2.0.3"/>
    <SingleplayerModule value="true"/>
    <MultiplayerModule value="false"/>
    <DependedModules>
        <DependedModule Id="Native"/>
        <DependedModule Id="SandBoxCore"/>
        <DependedModule Id="Sandbox"/>
        <DependedModule Id="CustomBattle"/>
        <DependedModule Id="StoryMode" />
    </DependedModules>
    <SubModules>
        <SubModule>
            <Name value="vartsTradeGuild"/>
            <DLLName value="vartsTradeGuild.dll"/>
            <SubModuleClassType value="vartsTradeGuild.Main"/>
            <Tags>
                <Tag key="DedicatedServerType" value="none" />
                <Tag key="IsNoRenderModeElement" value="false" />
            </Tags>
        </SubModule>
    </SubModules>
    <Xmls/>
</Module>