<Module>
    <Name value="VARTS Workshop Suggestion Mod"/>
    <Id value="vartsWorkshopSuggestionMod"/>
    <Version value="v1.0.0"/>
    <SingleplayerModule value="true"/>
    <MultiplayerModule value="false"/>
    <DependedModules>
        <DependedModule Id="Native"/>
        <DependedModule Id="SandBoxCore"/>
        <DependedModule Id="Sandbox"/>
        <DependedModule Id="CustomBattle"/>
        <DependedModule Id="StoryMode" />
    </DependedModules>
    <SubModules>
        <SubModule>
            <Name value="vartsWorkshopSuggestionMod"/>
            <DLLName value="vartsWorkshopSuggestionMod.dll"/>
            <SubModuleClassType value="vartsWorkshopSuggestionMod.Main"/>
            <Tags>
                <Tag key="DedicatedServerType" value="none" />
                <Tag key="IsNoRenderModeElement" value="false" />
            </Tags>
        </SubModule>
    </SubModules>
    <Xmls/>
</Module>