<Prefab>
    <Constants>
        <Constant Name="WorkshopName.MarginLeft" Value="50"/>
        <Constant Name="WorkshopName.SuggestedWidth" Value="250"/>
        <Constant Name="WorkshopTownName.MarginLeft" Value="300"/>
        <Constant Name="WorkshopTownName.SuggestedWidth" Value="200"/>
        <Constant Name="WorkshopLevel.MarginLeft" Value="500"/>
        <Constant Name="WorkshopLevel.SuggestedWidth" Value="100"/>
        <Constant Name="WorkshopCapital.MarginLeft" Value="600"/>
        <Constant Name="WorkshopCapital.SuggestedWidth" Value="250"/>
        <Constant Name="WorkshopExpense.MarginLeft" Value="850"/>
        <Constant Name="WorkshopExpense.SuggestedWidth" Value="100"/>
        <Constant Name="WorkshopIsRunning.MarginLeft" Value="950"/>
        <Constant Name="WorkshopIsRunning.SuggestedWidth" Value="100"/>
        <Constant Name="WorkshopOwnerName.MarginLeft" Value="1050"/>
        <Constant Name="WorkshopOwnerName.SuggestedWidth" Value="350"/>
        <Constant Name="WorkshopOwnerGold.MarginLeft" Value="1400"/>
        <Constant Name="WorkshopOwnerGold.SuggestedWidth" Value="200"/>
        <Constant Name="WorkshopProfitMade.MarginLeft" Value="1600"/>
        <Constant Name="WorkshopProfitMade.SuggestedWidth" Value="200"/>
        <Constant Name="WorkshopRunnedDays.MarginLeft" Value="1800"/>
        <Constant Name="WorkshopRunnedDays.SuggestedWidth" Value="50"/>
        <Constant Name="WorkshopNotRunnedDays.MarginLeft" Value="1850"/>
        <Constant Name="WorkshopNotRunnedDays.SuggestedWidth" Value="50"/>
    </Constants>
    <Window>
        <Widget WidthSizePolicy="StretchToParent" HeightSizePolicy="StretchToParent">
            <Children>
                <Standard.Background/>

                <Standard.TopPanel Parameter.Title="@MovieTextHeader"/>

                <ListPanel DataSource="{SortController}" WidthSizePolicy="StretchToParent"
                           HeightSizePolicy="CoverChildren" MarginTop="150">
                    <Children>
                        <SortButtonWidget DoNotPassEventsToChildren="true" WidthSizePolicy="Fixed"
                                          HeightSizePolicy="Fixed" SuggestedWidth="!WorkshopName.SuggestedWidth"
                                          SuggestedHeight="50"
                                          Command.Click="MovieActionWorkshopNameSort"
                                          IsSelected="@MovieActionWorkshopNameIsSelected"
                                          SortState="@MovieActionWorkshopNameSortState"
                                          SortVisualWidget="TextWidget\TypeSortVisualWidget"
                                          Brush="GameMenu.Tournament.Sort.Button1" UpdateChildrenStates="true"
                                          MarginLeft="!WorkshopName.MarginLeft">
                            <Children>
                                <TextWidget Id="TextWidget" DataSource="{..}" WidthSizePolicy="CoverChildren"
                                            HeightSizePolicy="CoverChildren" HorizontalAlignment="Center"
                                            VerticalAlignment="Center" Brush="Kingdom.SortButtons.Text"
                                            ClipContents="false" Text="@MovieTextWorkshopName">
                                    <Children>
                                        <Widget Id="TypeSortVisualWidget" WidthSizePolicy="Fixed"
                                                HeightSizePolicy="Fixed" SuggestedWidth="20" SuggestedHeight="20"
                                                HorizontalAlignment="Right" VerticalAlignment="Center"
                                                PositionXOffset="15" Brush="ArmyManagement.Sort.ArrowBrush"/>
                                    </Children>
                                </TextWidget>
                            </Children>
                        </SortButtonWidget>
                        <SortButtonWidget DoNotPassEventsToChildren="true" WidthSizePolicy="Fixed"
                                          HeightSizePolicy="Fixed" SuggestedWidth="!WorkshopTownName.SuggestedWidth"
                                          SuggestedHeight="50"
                                          Command.Click="MovieActionWorkshopTownNameSort"
                                          IsSelected="@MovieActionWorkshopTownNameIsSelected"
                                          SortState="@MovieActionWorkshopTownNameSortState"
                                          SortVisualWidget="TextWidget\TypeSortVisualWidget"
                                          Brush="GameMenu.Tournament.Sort.Button1" UpdateChildrenStates="true">
                            <Children>
                                <TextWidget Id="TextWidget" DataSource="{..}" WidthSizePolicy="CoverChildren"
                                            HeightSizePolicy="CoverChildren" HorizontalAlignment="Center"
                                            VerticalAlignment="Center" Brush="Kingdom.SortButtons.Text"
                                            ClipContents="false" Text="@MovieTextWorkshopTownName">
                                    <Children>
                                        <Widget Id="TypeSortVisualWidget" WidthSizePolicy="Fixed"
                                                HeightSizePolicy="Fixed" SuggestedWidth="20" SuggestedHeight="20"
                                                HorizontalAlignment="Right" VerticalAlignment="Center"
                                                PositionXOffset="15" Brush="ArmyManagement.Sort.ArrowBrush"/>
                                    </Children>
                                </TextWidget>
                            </Children>
                        </SortButtonWidget>
                        <SortButtonWidget DoNotPassEventsToChildren="true" WidthSizePolicy="Fixed"
                                          HeightSizePolicy="Fixed" SuggestedWidth="!WorkshopLevel.SuggestedWidth"
                                          SuggestedHeight="50"
                                          Command.Click="MovieActionWorkshopLevelSort"
                                          IsSelected="@MovieActionWorkshopLevelIsSelected"
                                          SortState="@MovieActionWorkshopLevelSortState"
                                          SortVisualWidget="TextWidget\TypeSortVisualWidget"
                                          Brush="GameMenu.Tournament.Sort.Button1" UpdateChildrenStates="true">
                            <Children>
                                <TextWidget Id="TextWidget" DataSource="{..}" WidthSizePolicy="CoverChildren"
                                            HeightSizePolicy="CoverChildren" HorizontalAlignment="Center"
                                            VerticalAlignment="Center" Brush="Kingdom.SortButtons.Text"
                                            ClipContents="false" Text="@MovieTextWorkshopLevel">
                                    <Children>
                                        <Widget Id="TypeSortVisualWidget" WidthSizePolicy="Fixed"
                                                HeightSizePolicy="Fixed" SuggestedWidth="20" SuggestedHeight="20"
                                                HorizontalAlignment="Right" VerticalAlignment="Center"
                                                PositionXOffset="15" Brush="ArmyManagement.Sort.ArrowBrush"/>
                                    </Children>
                                </TextWidget>
                            </Children>
                        </SortButtonWidget>
                        <SortButtonWidget DoNotPassEventsToChildren="true" WidthSizePolicy="Fixed"
                                          HeightSizePolicy="Fixed" SuggestedWidth="!WorkshopCapital.SuggestedWidth"
                                          SuggestedHeight="50"
                                          Command.Click="MovieActionWorkshopCapitalSort"
                                          IsSelected="@MovieActionWorkshopCapitalIsSelected"
                                          SortState="@MovieActionWorkshopCapitalSortState"
                                          SortVisualWidget="TextWidget\TypeSortVisualWidget"
                                          Brush="GameMenu.Tournament.Sort.Button1" UpdateChildrenStates="true">
                            <Children>
                                <TextWidget Id="TextWidget" DataSource="{..}" WidthSizePolicy="CoverChildren"
                                            HeightSizePolicy="CoverChildren" HorizontalAlignment="Center"
                                            VerticalAlignment="Center" Brush="Kingdom.SortButtons.Text"
                                            ClipContents="false" Text="@MovieTextWorkshopCapital">
                                    <Children>
                                        <Widget Id="TypeSortVisualWidget" WidthSizePolicy="Fixed"
                                                HeightSizePolicy="Fixed" SuggestedWidth="20" SuggestedHeight="20"
                                                HorizontalAlignment="Right" VerticalAlignment="Center"
                                                PositionXOffset="15" Brush="ArmyManagement.Sort.ArrowBrush"/>
                                    </Children>
                                </TextWidget>
                            </Children>
                        </SortButtonWidget>
                        <SortButtonWidget DoNotPassEventsToChildren="true" WidthSizePolicy="Fixed"
                                          HeightSizePolicy="Fixed" SuggestedWidth="!WorkshopExpense.SuggestedWidth"
                                          SuggestedHeight="50"
                                          Command.Click="MovieActionWorkshopExpenseSort"
                                          IsSelected="@MovieActionWorkshopExpenseIsSelected"
                                          SortState="@MovieActionWorkshopExpenseSortState"
                                          SortVisualWidget="TextWidget\TypeSortVisualWidget"
                                          Brush="GameMenu.Tournament.Sort.Button1" UpdateChildrenStates="true">
                            <Children>
                                <TextWidget Id="TextWidget" DataSource="{..}" WidthSizePolicy="CoverChildren"
                                            HeightSizePolicy="CoverChildren" HorizontalAlignment="Center"
                                            VerticalAlignment="Center" Brush="Kingdom.SortButtons.Text"
                                            ClipContents="false" Text="@MovieTextWorkshopExpense">
                                    <Children>
                                        <Widget Id="TypeSortVisualWidget" WidthSizePolicy="Fixed"
                                                HeightSizePolicy="Fixed" SuggestedWidth="20" SuggestedHeight="20"
                                                HorizontalAlignment="Right" VerticalAlignment="Center"
                                                PositionXOffset="15" Brush="ArmyManagement.Sort.ArrowBrush"/>
                                    </Children>
                                </TextWidget>
                            </Children>
                        </SortButtonWidget>
                        <SortButtonWidget DoNotPassEventsToChildren="true" WidthSizePolicy="Fixed"
                                          HeightSizePolicy="Fixed" SuggestedWidth="!WorkshopIsRunning.SuggestedWidth"
                                          SuggestedHeight="50"
                                          Command.Click="MovieActionWorkshopIsRunningSort"
                                          IsSelected="@MovieActionWorkshopIsRunningIsSelected"
                                          SortState="@MovieActionWorkshopIsRunningSortState"
                                          SortVisualWidget="TextWidget\TypeSortVisualWidget"
                                          Brush="GameMenu.Tournament.Sort.Button1" UpdateChildrenStates="true">
                            <Children>
                                <TextWidget Id="TextWidget" DataSource="{..}" WidthSizePolicy="CoverChildren"
                                            HeightSizePolicy="CoverChildren" HorizontalAlignment="Center"
                                            VerticalAlignment="Center" Brush="Kingdom.SortButtons.Text"
                                            ClipContents="false" Text="@MovieTextWorkshopIsRunning">
                                    <Children>
                                        <Widget Id="TypeSortVisualWidget" WidthSizePolicy="Fixed"
                                                HeightSizePolicy="Fixed" SuggestedWidth="20" SuggestedHeight="20"
                                                HorizontalAlignment="Right" VerticalAlignment="Center"
                                                PositionXOffset="15" Brush="ArmyManagement.Sort.ArrowBrush"/>
                                    </Children>
                                </TextWidget>
                            </Children>
                        </SortButtonWidget>
                        <SortButtonWidget DoNotPassEventsToChildren="true" WidthSizePolicy="Fixed"
                                          HeightSizePolicy="Fixed" SuggestedWidth="!WorkshopOwnerName.SuggestedWidth"
                                          SuggestedHeight="50"
                                          Command.Click="MovieActionWorkshopOwnerNameSort"
                                          IsSelected="@MovieActionWorkshopOwnerNameIsSelected"
                                          SortState="@MovieActionWorkshopOwnerNameSortState"
                                          SortVisualWidget="TextWidget\TypeSortVisualWidget"
                                          Brush="GameMenu.Tournament.Sort.Button1" UpdateChildrenStates="true">
                            <Children>
                                <TextWidget Id="TextWidget" DataSource="{..}" WidthSizePolicy="CoverChildren"
                                            HeightSizePolicy="CoverChildren" HorizontalAlignment="Center"
                                            VerticalAlignment="Center" Brush="Kingdom.SortButtons.Text"
                                            ClipContents="false" Text="@MovieTextWorkshopOwnerName">
                                    <Children>
                                        <Widget Id="TypeSortVisualWidget" WidthSizePolicy="Fixed"
                                                HeightSizePolicy="Fixed" SuggestedWidth="20" SuggestedHeight="20"
                                                HorizontalAlignment="Right" VerticalAlignment="Center"
                                                PositionXOffset="15" Brush="ArmyManagement.Sort.ArrowBrush"/>
                                    </Children>
                                </TextWidget>
                            </Children>
                        </SortButtonWidget>
                        <SortButtonWidget DoNotPassEventsToChildren="true" WidthSizePolicy="Fixed"
                                          HeightSizePolicy="Fixed" SuggestedWidth="!WorkshopOwnerGold.SuggestedWidth"
                                          SuggestedHeight="50"
                                          Command.Click="MovieActionWorkshopOwnerGoldSort"
                                          IsSelected="@MovieActionWorkshopOwnerGoldIsSelected"
                                          SortState="@MovieActionWorkshopOwnerGoldSortState"
                                          SortVisualWidget="TextWidget\TypeSortVisualWidget"
                                          Brush="GameMenu.Tournament.Sort.Button1" UpdateChildrenStates="true">
                            <Children>
                                <TextWidget Id="TextWidget" DataSource="{..}" WidthSizePolicy="CoverChildren"
                                            HeightSizePolicy="CoverChildren" HorizontalAlignment="Center"
                                            VerticalAlignment="Center" Brush="Kingdom.SortButtons.Text"
                                            ClipContents="false" Text="@MovieTextWorkshopOwnerGold">
                                    <Children>
                                        <Widget Id="TypeSortVisualWidget" WidthSizePolicy="Fixed"
                                                HeightSizePolicy="Fixed" SuggestedWidth="20" SuggestedHeight="20"
                                                HorizontalAlignment="Right" VerticalAlignment="Center"
                                                PositionXOffset="15" Brush="ArmyManagement.Sort.ArrowBrush"/>
                                    </Children>
                                </TextWidget>
                            </Children>
                        </SortButtonWidget>
                        <SortButtonWidget DoNotPassEventsToChildren="true" WidthSizePolicy="Fixed"
                                          HeightSizePolicy="Fixed" SuggestedWidth="!WorkshopProfitMade.SuggestedWidth"
                                          SuggestedHeight="50"
                                          Command.Click="MovieActionWorkshopProfitMadeSort"
                                          IsSelected="@MovieActionWorkshopProfitMadeIsSelected"
                                          SortState="@MovieActionWorkshopProfitMadeSortState"
                                          SortVisualWidget="TextWidget\TypeSortVisualWidget"
                                          Brush="GameMenu.Tournament.Sort.Button1" UpdateChildrenStates="true">
                            <Children>
                                <TextWidget Id="TextWidget" DataSource="{..}" WidthSizePolicy="CoverChildren"
                                            HeightSizePolicy="CoverChildren" HorizontalAlignment="Center"
                                            VerticalAlignment="Center" Brush="Kingdom.SortButtons.Text"
                                            ClipContents="false" Text="@MovieTextWorkshopProfitMade">
                                    <Children>
                                        <Widget Id="TypeSortVisualWidget" WidthSizePolicy="Fixed"
                                                HeightSizePolicy="Fixed" SuggestedWidth="20" SuggestedHeight="20"
                                                HorizontalAlignment="Right" VerticalAlignment="Center"
                                                PositionXOffset="15" Brush="ArmyManagement.Sort.ArrowBrush"/>
                                    </Children>
                                </TextWidget>
                            </Children>
                        </SortButtonWidget>
                        <SortButtonWidget DoNotPassEventsToChildren="true" WidthSizePolicy="Fixed"
                                          HeightSizePolicy="Fixed" SuggestedWidth="!WorkshopRunnedDays.SuggestedWidth"
                                          SuggestedHeight="50"
                                          Command.Click="MovieActionWorkshopRunnedDaysSort"
                                          IsSelected="@MovieActionWorkshopRunnedDaysIsSelected"
                                          SortState="@MovieActionWorkshopRunnedDaysSortState"
                                          SortVisualWidget="TextWidget\TypeSortVisualWidget"
                                          Brush="GameMenu.Tournament.Sort.Button1" UpdateChildrenStates="true">
                            <Children>
                                <TextWidget Id="TextWidget" DataSource="{..}" WidthSizePolicy="CoverChildren"
                                            HeightSizePolicy="CoverChildren" HorizontalAlignment="Center"
                                            VerticalAlignment="Center" Brush="Kingdom.SortButtons.Text"
                                            ClipContents="false" Text="@MovieTextWorkshopRunnedDays">
                                    <Children>
                                        <Widget Id="TypeSortVisualWidget" WidthSizePolicy="Fixed"
                                                HeightSizePolicy="Fixed" SuggestedWidth="20" SuggestedHeight="20"
                                                HorizontalAlignment="Right" VerticalAlignment="Center"
                                                PositionXOffset="15" Brush="ArmyManagement.Sort.ArrowBrush"/>
                                    </Children>
                                </TextWidget>
                            </Children>
                        </SortButtonWidget>
                        <SortButtonWidget DoNotPassEventsToChildren="true" WidthSizePolicy="Fixed"
                                          HeightSizePolicy="Fixed" SuggestedWidth="!WorkshopNotRunnedDays.SuggestedWidth"
                                          SuggestedHeight="50"
                                          Command.Click="MovieActionWorkshopNotRunnedDaysSort"
                                          IsSelected="@MovieActionWorkshopNotRunnedDaysIsSelected"
                                          SortState="@MovieActionWorkshopNotRunnedDaysSortState"
                                          SortVisualWidget="TextWidget\TypeSortVisualWidget"
                                          Brush="GameMenu.Tournament.Sort.Button1" UpdateChildrenStates="true">
                            <Children>
                                <TextWidget Id="TextWidget" DataSource="{..}" WidthSizePolicy="CoverChildren"
                                            HeightSizePolicy="CoverChildren" HorizontalAlignment="Center"
                                            VerticalAlignment="Center" Brush="Kingdom.SortButtons.Text"
                                            ClipContents="false" Text="@MovieTextWorkshopNotRunnedDays">
                                    <Children>
                                        <Widget Id="TypeSortVisualWidget" WidthSizePolicy="Fixed"
                                                HeightSizePolicy="Fixed" SuggestedWidth="20" SuggestedHeight="20"
                                                HorizontalAlignment="Right" VerticalAlignment="Center"
                                                PositionXOffset="15" Brush="ArmyManagement.Sort.ArrowBrush"/>
                                    </Children>
                                </TextWidget>
                            </Children>
                        </SortButtonWidget>
                    </Children>
                </ListPanel>

                <ScrollablePanel HeightSizePolicy="StretchToParent" WidthSizePolicy="StretchToParent"
                                 MarginTop="200" MarginBottom="250"
                                 MouseScrollAxis="Vertical" AutoHideScrollBars="false"
                                 InnerPanel="EntriesListRect\EntriesList"
                                 ClipRect="EntriesListRect"
                                 VerticalScrollbar="EntriesListRect\EntriesListScrollbar\Scrollbar">
                    <Children>
                        <Widget Id="EntriesListRect" WidthSizePolicy="StretchToParent"
                                HeightSizePolicy="StretchToParent" ClipContents="true">
                            <Children>
                                <ListPanel Id="EntriesList" DataSource="{Entries}" WidthSizePolicy="StretchToParent"
                                           HeightSizePolicy="CoverChildren"
                                           LayoutImp.LayoutMethod="VerticalBottomToTop">
                                    <ItemTemplate>
                                        <Widget Id="TupleParent" WidthSizePolicy="StretchToParent"
                                                HeightSizePolicy="Fixed" SuggestedHeight="60">
                                            <Children>
                                                <TextWidget WidthSizePolicy="Fixed" HeightSizePolicy="StretchToParent"
                                                            SuggestedWidth="!WorkshopName.SuggestedWidth"
                                                            Text="@MovieTextWorkshopName"
                                                            MarginLeft="!WorkshopName.MarginLeft"
                                                            Brush.TextHorizontalAlignment="Center"/>
                                                <TextWidget WidthSizePolicy="Fixed" HeightSizePolicy="StretchToParent"
                                                            SuggestedWidth="!WorkshopTownName.SuggestedWidth"
                                                            Text="@MovieTextWorkshopTownName"
                                                            MarginLeft="!WorkshopTownName.MarginLeft"
                                                            Brush.TextHorizontalAlignment="Center"/>
                                                <TextWidget WidthSizePolicy="Fixed" HeightSizePolicy="StretchToParent"
                                                            SuggestedWidth="!WorkshopLevel.SuggestedWidth"
                                                            Text="@MovieTextWorkshopLevel"
                                                            MarginLeft="!WorkshopLevel.MarginLeft"
                                                            Brush.TextHorizontalAlignment="Center"/>
                                                <TextWidget WidthSizePolicy="Fixed" HeightSizePolicy="StretchToParent"
                                                            SuggestedWidth="!WorkshopCapital.SuggestedWidth"
                                                            Text="@MovieTextWorkshopCapital"
                                                            MarginLeft="!WorkshopCapital.MarginLeft"
                                                            Brush.TextHorizontalAlignment="Center"/>
                                                <TextWidget WidthSizePolicy="Fixed" HeightSizePolicy="StretchToParent"
                                                            SuggestedWidth="!WorkshopExpense.SuggestedWidth"
                                                            Text="@MovieTextWorkshopExpense"
                                                            MarginLeft="!WorkshopExpense.MarginLeft"
                                                            Brush.TextHorizontalAlignment="Center"/>
                                                <TextWidget WidthSizePolicy="Fixed" HeightSizePolicy="StretchToParent"
                                                            SuggestedWidth="!WorkshopIsRunning.SuggestedWidth"
                                                            Text="@MovieTextWorkshopIsRunning"
                                                            MarginLeft="!WorkshopIsRunning.MarginLeft"
                                                            Brush.TextHorizontalAlignment="Center"/>
                                                <TextWidget WidthSizePolicy="Fixed" HeightSizePolicy="StretchToParent"
                                                            SuggestedWidth="!WorkshopOwnerName.SuggestedWidth"
                                                            Text="@MovieTextWorkshopOwnerName"
                                                            MarginLeft="!WorkshopOwnerName.MarginLeft"
                                                            Brush.TextHorizontalAlignment="Center"/>
                                                <TextWidget WidthSizePolicy="Fixed" HeightSizePolicy="StretchToParent"
                                                            SuggestedWidth="!WorkshopOwnerGold.SuggestedWidth"
                                                            Text="@MovieTextWorkshopOwnerGold"
                                                            MarginLeft="!WorkshopOwnerGold.MarginLeft"
                                                            Brush.TextHorizontalAlignment="Center"/>
                                                <TextWidget WidthSizePolicy="Fixed" HeightSizePolicy="StretchToParent"
                                                            SuggestedWidth="!WorkshopProfitMade.SuggestedWidth"
                                                            Text="@MovieTextWorkshopProfitMade"
                                                            MarginLeft="!WorkshopProfitMade.MarginLeft"
                                                            Brush.TextHorizontalAlignment="Center"/>
                                                <TextWidget WidthSizePolicy="Fixed" HeightSizePolicy="StretchToParent"
                                                            SuggestedWidth="!WorkshopRunnedDays.SuggestedWidth"
                                                            Text="@MovieTextWorkshopRunnedDays"
                                                            MarginLeft="!WorkshopRunnedDays.MarginLeft"
                                                            Brush.TextHorizontalAlignment="Center"/>
                                                <TextWidget WidthSizePolicy="Fixed" HeightSizePolicy="StretchToParent"
                                                            SuggestedWidth="!WorkshopNotRunnedDays.SuggestedWidth"
                                                            Text="@MovieTextWorkshopNotRunnedDays"
                                                            MarginLeft="!WorkshopNotRunnedDays.MarginLeft"
                                                            Brush.TextHorizontalAlignment="Center"/>
                                            </Children>
                                        </Widget>
                                    </ItemTemplate>
                                </ListPanel>
                                <Standard.VerticalScrollbar Id="EntriesListScrollbar" HorizontalAlignment="Right"
                                                            VerticalAlignment="Bottom"
                                                            HeightSizePolicy="StretchToParent"/>
                            </Children>
                        </Widget>
                    </Children>
                </ScrollablePanel>

                <Standard.Button HorizontalAlignment="Center" VerticalAlignment="Bottom" MarginBottom="60"
                                 Command.Click="MovieActionLeave" Parameter.Text="@MovieTextLeave"/>
            </Children>
        </Widget>
    </Window>
</Prefab>